timestamp,pid,process_name,parent_process,cpu_usage,cpu_std,memory_usage,memory_delta,runtime,cpu_per_second,child_process_count
2026-02-09 23:08:35,0,System Idle Process,Unknown,1520.0,0,0.0,0.0,1770658715,0.0,2
2026-02-09 23:08:35,4,System,System Idle Process,0.0,0,0.04,0.0,1770658715,0.0,4
2026-02-09 23:08:35,236,,System,0.0,0,0.39,0.0,86233,0.0,0
2026-02-09 23:08:35,280,Registry,System,0.0,0,0.41,0.0,86233,0.0,0
2026-02-09 23:08:35,840,svchost.exe,services.exe,0.0,0,0.18,0.0,86217,0.0,0
2026-02-09 23:08:35,860,smss.exe,System,0.0,0,0.0,0.0,86231,0.0,0
2026-02-09 23:08:35,1116,Code.exe,Code.exe,0.0,0,1.23,0.0,6955,0.0,5
2026-02-09 23:08:35,1144,csrss.exe,Unknown,0.0,0,0.03,0.0,86220,0.0,0
2026-02-09 23:08:35,1252,wininit.exe,Unknown,0.0,0,0.03,0.0,86218,0.0,4
2026-02-09 23:08:35,1324,bash.exe,Code.exe,0.0,0,0.04,0.0,5701,0.0,1
2026-02-09 23:08:35,1328,msedgewebview2.exe,msedgewebview2.exe,0.0,0,0.04,0.0,11399,0.0,0
2026-02-09 23:08:35,1368,services.exe,wininit.exe,0.0,0,0.06,0.0,86218,0.0,132
2026-02-09 23:08:35,1412,LsaIso.exe,wininit.exe,0.0,0,0.01,0.0,86219,0.0,0
2026-02-09 23:08:35,1420,lsass.exe,wininit.exe,0.0,0,0.17,0.0,86219,0.0,0
2026-02-09 23:08:35,1436,nvcontainer.exe,nvcontainer.exe,0.0,0,0.3,0.0,85774,0.0,0
2026-02-09 23:08:35,1520,msedgewebview2.exe,M365Copilot.exe,0.0,0,0.14,0.0,11334,0.0,5
2026-02-09 23:08:35,1548,backgroundTaskHost.exe,svchost.exe,0.0,0,0.01,0.0,11198,0.0,0
2026-02-09 23:08:35,1552,svchost.exe,services.exe,0.0,0,0.2,0.0,86219,0.0,28
2026-02-09 23:08:35,1580,fontdrvhost.exe,wininit.exe,0.0,0,0.01,0.0,86220,0.0,0
2026-02-09 23:08:35,1632,WUDFHost.exe,services.exe,0.0,0,0.08,0.0,86220,0.0,0
2026-02-09 23:08:35,1660,msedgewebview2.exe,msedgewebview2.exe,0.0,0,0.03,0.0,11401,0.0,0
2026-02-09 23:08:35,1728,svchost.exe,services.exe,0.0,0,0.1,0.0,86220,0.0,0
2026-02-09 23:08:35,1772,svchost.exe,services.exe,0.0,0,0.06,0.0,86220,0.0,0
2026-02-09 23:08:35,1872,WUDFHost.exe,services.exe,0.0,0,0.05,0.0,86220,0.0,0
2026-02-09 23:08:35,1928,svchost.exe,services.exe,0.0,0,0.04,0.0,86221,0.0,0
2026-02-09 23:08:35,1944,svchost.exe,services.exe,0.0,0,0.01,0.0,86221,0.0,0
2026-02-09 23:08:35,1960,svchost.exe,services.exe,0.0,0,0.05,0.0,86221,0.0,0
2026-02-09 23:08:35,1980,svchost.exe,services.exe,0.0,0,0.03,0.0,86221,0.0,0
2026-02-09 23:08:35,2000,svchost.exe,services.exe,0.0,0,0.06,0.0,86221,0.0,0
2026-02-09 23:08:35,2016,svchost.exe,services.exe,0.0,0,0.04,0.0,86221,0.0,0
2026-02-09 23:08:35,2124,svchost.exe,services.exe,0.0,0,0.04,0.0,86221,0.0,0
2026-02-09 23:08:35,2236,svchost.exe,services.exe,0.0,0,0.03,0.0,86222,0.0,0
2026-02-09 23:08:35,2268,IntelCpHDCPSvc.exe,services.exe,0.0,0,0.01,0.0,86222,0.0,0
2026-02-09 23:08:35,2324,svchost.exe,services.exe,0.0,0,0.03,0.0,86222,0.0,0
2026-02-09 23:08:35,2340,svchost.exe,services.exe,0.0,0,0.04,0.0,86222,0.0,0
2026-02-09 23:08:35,2348,svchost.exe,services.exe,0.0,0,0.05,0.0,86222,0.0,0
2026-02-09 23:08:35,2464,svchost.exe,services.exe,0.0,0,0.07,0.0,86222,0.0,2
2026-02-09 23:08:35,2488,NVDisplay.Container.exe,NVDisplay.Container.exe,0.0,0,0.29,0.0,85778,0.0,0
2026-02-09 23:08:35,2560,svchost.exe,services.exe,0.0,0,0.03,0.0,86223,0.0,0
2026-02-09 23:08:35,2568,svchost.exe,services.exe,0.0,0,0.04,0.0,86223,0.0,0
2026-02-09 23:08:35,2624,svchost.exe,services.exe,0.0,0,0.02,0.0,86223,0.0,0
2026-02-09 23:08:35,2652,msedgewebview2.exe,Widgets.exe,0.0,0,0.1,0.0,11405,0.0,5
2026-02-09 23:08:35,2684,svchost.exe,services.exe,0.0,0,0.09,0.0,86223,0.0,0
2026-02-09 23:08:35,2704,svchost.exe,services.exe,0.0,0,0.05,0.0,86223,0.0,0
2026-02-09 23:08:35,2768,svchost.exe,services.exe,0.0,0,0.18,0.0,10949,0.0,0
2026-02-09 23:08:35,2836,dwm.exe,winlogon.exe,0.0,0,1.62,0.0,85784,0.0,0
2026-02-09 23:08:35,2872,svchost.exe,services.exe,0.0,0,0.06,0.0,86224,0.0,0
2026-02-09 23:08:35,2920,audiodg.exe,svchost.exe,0.0,0,0.13,0.0,20,0.0,0
2026-02-09 23:08:35,2992,svchost.exe,services.exe,0.0,0,0.12,0.0,86224,0.0,1
2026-02-09 23:08:35,3048,svchost.exe,services.exe,0.0,0,0.03,0.0,86224,0.0,0
2026-02-09 23:08:35,3148,AsusScreenXpertHostService.exe,services.exe,0.0,0,0.12,0.0,86224,0.0,1
2026-02-09 23:08:35,3156,NVIDIA Overlay.exe,NVIDIA Overlay.exe,0.0,0,0.19,0.0,11464,0.0,0
2026-02-09 23:08:35,3288,unsecapp.exe,svchost.exe,0.0,0,0.04,0.0,86104,0.0,0
2026-02-09 23:08:35,3296,WUDFHost.exe,services.exe,0.0,0,0.01,0.0,86225,0.0,0
2026-02-09 23:08:35,3308,AppActions.exe,svchost.exe,0.0,0,0.27,0.0,11140,0.0,0
2026-02-09 23:08:35,3316,Code.exe,Code.exe,0.0,0,0.57,0.0,5481,0.0,0
2026-02-09 23:08:35,3336,svchost.exe,services.exe,0.0,0,0.16,0.0,86220,0.0,0
2026-02-09 23:08:35,3444,NVDisplay.Container.exe,services.exe,0.0,0,0.14,0.0,86225,0.0,1
2026-02-09 23:08:35,3480,svchost.exe,services.exe,0.0,0,0.1,0.0,86226,0.0,0
2026-02-09 23:08:35,3496,svchost.exe,services.exe,0.0,0,0.03,0.0,86226,0.0,0
2026-02-09 23:08:35,3532,svchost.exe,services.exe,0.0,0,0.1,0.0,86226,0.0,1
2026-02-09 23:08:35,3536,svchost.exe,services.exe,0.0,0,0.03,0.0,86226,0.0,0
2026-02-09 23:08:35,3556,svchost.exe,services.exe,14.9,0,0.06,0.0,86226,0.0002,0
2026-02-09 23:08:35,3564,svchost.exe,services.exe,0.0,0,0.01,0.0,86226,0.0,0
2026-02-09 23:08:35,3608,svchost.exe,services.exe,0.0,0,0.19,0.0,11472,0.0,0
2026-02-09 23:08:35,3656,taskhostw.exe,svchost.exe,0.0,0,0.14,0.0,11476,0.0,0
2026-02-09 23:08:35,3692,MemCompression,System,0.0,0,6.22,0.0,86227,0.0,0
2026-02-09 23:08:35,3728,svchost.exe,services.exe,0.0,0,0.04,0.0,86227,0.0,0
2026-02-09 23:08:35,3756,SearchIndexer.exe,services.exe,0.0,0,0.11,0.0,767,0.0,0
2026-02-09 23:08:35,3808,svchost.exe,services.exe,0.0,0,0.03,0.0,86227,0.0,0
2026-02-09 23:08:35,3816,svchost.exe,services.exe,0.0,0,0.02,0.0,86227,0.0,0
2026-02-09 23:08:35,3876,svchost.exe,services.exe,0.0,0,0.07,0.0,86227,0.0,0
2026-02-09 23:08:35,3916,svchost.exe,services.exe,0.0,0,0.08,0.0,86228,0.0,1
2026-02-09 23:08:35,3948,SystemSettings.exe,svchost.exe,0.0,0,0.11,0.0,9394,0.0,0
2026-02-09 23:08:35,3968,svchost.exe,services.exe,0.0,0,0.03,0.0,86228,0.0,1
2026-02-09 23:08:35,4060,UserOOBEBroker.exe,svchost.exe,0.0,0,0.06,0.0,9392,0.0,0
2026-02-09 23:08:35,4064,svchost.exe,services.exe,0.0,0,0.14,0.0,86228,0.0,0
2026-02-09 23:08:35,4084,svchost.exe,services.exe,0.0,0,0.02,0.0,86228,0.0,0
2026-02-09 23:08:35,4152,AsusOptimization.exe,services.exe,0.0,0,0.04,0.0,86228,0.0,2
2026-02-09 23:08:35,4280,svchost.exe,services.exe,0.0,0,0.15,0.0,86228,0.0,0
2026-02-09 23:08:35,4296,spoolsv.exe,services.exe,0.0,0,0.13,0.0,86229,0.0,0
2026-02-09 23:08:35,4324,svchost.exe,services.exe,0.0,0,0.09,0.0,86229,0.0,0
2026-02-09 23:08:35,4416,svchost.exe,services.exe,0.0,0,0.02,0.0,86229,0.0,0
2026-02-09 23:08:35,4532,AsusAppService.exe,services.exe,0.0,0,0.15,0.0,86229,0.0,0
2026-02-09 23:08:35,4588,NVIDIA Overlay.exe,NVIDIA Overlay.exe,0.0,0,0.38,0.0,11469,0.0,0
2026-02-09 23:08:35,4644,AsusProArtUpdateService.exe,services.exe,0.0,0,0.09,0.0,86229,0.0,0
2026-02-09 23:08:35,4676,msedgewebview2.exe,msedgewebview2.exe,0.0,0,0.03,0.0,11471,0.0,0
2026-02-09 23:08:35,4680,svchost.exe,services.exe,0.0,0,0.37,0.0,86230,0.0,1
2026-02-09 23:08:35,4688,svchost.exe,services.exe,0.0,0,0.03,0.0,86230,0.0,0
2026-02-09 23:08:35,4700,svchost.exe,services.exe,0.0,0,0.27,0.0,86230,0.0,0
2026-02-09 23:08:35,4708,AsusSystemAnalysis.exe,services.exe,0.0,0,0.08,0.0,86230,0.0,0
2026-02-09 23:08:35,4724,svchost.exe,services.exe,0.0,0,0.05,0.0,86230,0.0,0
2026-02-09 23:08:35,4732,svchost.exe,services.exe,0.0,0,0.13,0.0,86227,0.0,0
2026-02-09 23:08:35,4736,AsusSystemDiagnosis.exe,services.exe,0.0,0,0.02,0.0,86231,0.0,0
2026-02-09 23:08:35,4748,mc-fw-host.exe,services.exe,0.0,0,0.86,0.0,86231,0.0,1
2026-02-09 23:08:35,4764,RuntimeBroker.exe,svchost.exe,0.0,0,0.08,0.0,11416,0.0,0
2026-02-09 23:08:35,4792,MpDefenderCoreService.exe,services.exe,0.0,0,0.1,0.0,86231,0.0,0
2026-02-09 23:08:35,4816,nvcontainer.exe,services.exe,0.0,0,0.13,0.0,86231,0.0,4
2026-02-09 23:08:35,4828,OfficeClickToRun.exe,services.exe,0.0,0,0.41,0.0,86231,0.0,1
2026-02-09 23:08:35,4872,svchost.exe,services.exe,0.0,0,0.03,0.0,86231,0.0,0
2026-02-09 23:08:35,4880,RtkAudUService64.exe,services.exe,0.0,0,0.04,0.0,86232,0.0,0
2026-02-09 23:08:35,4904,SearchHost.exe,svchost.exe,0.0,0,0.89,0.0,11477,0.0,1
2026-02-09 23:08:35,4932,svchost.exe,services.exe,0.0,0,0.01,0.0,86232,0.0,0
2026-02-09 23:08:35,4952,ipfsvc.exe,services.exe,0.0,0,0.01,0.0,86232,0.0,0
2026-02-09 23:08:35,4968,MsMpEng.exe,services.exe,0.0,0,0.76,0.0,86232,0.0,0
2026-02-09 23:08:35,5032,AsusPTPService.exe,services.exe,0.0,0,0.01,0.0,86232,0.0,0
2026-02-09 23:08:35,5052,svchost.exe,services.exe,0.0,0,0.1,0.0,86233,0.0,0
2026-02-09 23:08:35,5092,GlideXRemoteService.exe,services.exe,0.0,0,0.02,0.0,86233,0.0,0
2026-02-09 23:08:35,5096,msedgewebview2.exe,msedgewebview2.exe,0.0,0,0.06,0.0,11415,0.0,0
2026-02-09 23:08:35,5136,GlideXServiceExt.exe,services.exe,0.0,0,0.08,0.0,86233,0.0,0
2026-02-09 23:08:35,5160,svchost.exe,services.exe,0.0,0,0.02,0.0,86233,0.0,0
2026-02-09 23:08:35,5180,AsusProArtService.exe,services.exe,0.0,0,0.11,0.0,86233,0.0,1
2026-02-09 23:08:35,5192,Code.exe,Code.exe,0.0,0,0.69,0.0,6971,0.0,0
2026-02-09 23:08:35,5208,RstMwService.exe,services.exe,0.0,0,0.02,0.0,86234,0.0,0
2026-02-09 23:08:35,5220,WhatsApp.Root.exe,sihost.exe,0.0,0,1.59,0.0,11381,0.0,1
2026-02-09 23:08:35,5232,GlideXService.exe,services.exe,0.0,0,0.04,0.0,86234,0.0,0
2026-02-09 23:08:35,5252,AsusSwitch.exe,services.exe,0.0,0,0.02,0.0,86234,0.0,0
2026-02-09 23:08:35,5276,Code.exe,Code.exe,0.0,0,0.83,0.0,7038,0.0,0
2026-02-09 23:08:35,5336,jhi_service.exe,services.exe,0.0,0,0.01,0.0,86234,0.0,0
2026-02-09 23:08:35,5392,PhoneExperienceHost.exe,svchost.exe,0.0,0,1.65,0.0,11470,0.0,0
2026-02-09 23:08:35,5460,IntelAudioService.exe,services.exe,0.0,0,0.08,0.0,86235,0.0,0
2026-02-09 23:08:35,5480,OneApp.IGCC.WinService.exe,services.exe,0.0,0,0.08,0.0,86235,0.0,0
2026-02-09 23:08:35,5496,AsusSoftwareManager.exe,services.exe,0.0,0,0.1,0.0,86235,0.0,1
2026-02-09 23:08:35,5560,servicehost.exe,services.exe,0.0,0,0.19,0.0,86235,0.0,1
2026-02-09 23:08:35,5572,svchost.exe,services.exe,0.0,0,0.03,0.0,86235,0.0,0
2026-02-09 23:08:35,5672,ipf_uf.exe,services.exe,0.0,0,0.03,0.0,86235,0.0,1
2026-02-09 23:08:35,5680,GlideXNearService.exe,services.exe,0.0,0,0.04,0.0,86235,0.0,0
2026-02-09 23:08:35,5732,msedgewebview2.exe,msedgewebview2.exe,0.0,0,0.01,0.0,11351,0.0,0
2026-02-09 23:08:35,6032,ShellHost.exe,sihost.exe,0.0,0,0.3,0.0,11485,0.0,0
2026-02-09 23:08:35,6136,WMIRegistrationService.exe,services.exe,0.0,0,0.02,0.0,86236,0.0,0
2026-02-09 23:08:35,6648,msedgewebview2.exe,msedgewebview2.exe,0.0,0,0.0,0.0,11478,0.0,0
2026-02-09 23:08:35,6716,RuntimeBroker.exe,svchost.exe,0.0,0,0.27,0.0,11478,0.0,0
2026-02-09 23:08:35,7104,RuntimeBroker.exe,svchost.exe,0.0,0,0.13,0.0,11412,0.0,0
2026-02-09 23:08:35,7432,svchost.exe,services.exe,0.0,0,0.06,0.0,154,0.0,0
2026-02-09 23:08:35,7576,WmiPrvSE.exe,svchost.exe,0.0,0,0.28,0.0,86236,0.0,0
2026-02-09 23:08:35,7692,svchost.exe,services.exe,0.0,0,0.05,0.0,85827,0.0,0
2026-02-09 23:08:35,7700,msedgewebview2.exe,msedgewebview2.exe,0.0,0,0.06,0.0,11352,0.0,0
2026-02-09 23:08:35,7832,svchost.exe,services.exe,0.0,0,0.06,0.0,86237,0.0,0
2026-02-09 23:08:35,8128,bash.exe,bash.exe,15.4,0,0.08,0.0,3494,0.0044,0
2026-02-09 23:08:35,8136,WmiPrvSE.exe,svchost.exe,0.0,0,0.07,0.0,86237,0.0,0
2026-02-09 23:08:35,8464,BraveCrashHandler64.exe,Unknown,0.0,0,0.01,0.0,86230,0.0,0
2026-02-09 23:08:35,8544,brave.exe,brave.exe,0.0,0,0.22,0.0,10299,0.0,0
2026-02-09 23:08:35,8604,msedgewebview2.exe,msedgewebview2.exe,0.0,0,0.05,0.0,11362,0.0,0
2026-02-09 23:08:35,8664,brave.exe,brave.exe,0.0,0,0.72,0.0,10305,0.0,0
2026-02-09 23:08:35,9664,svchost.exe,services.exe,0.0,0,0.18,0.0,86234,0.0,0
2026-02-09 23:08:35,9796,ipf_helper.exe,ipf_uf.exe,0.0,0,0.08,0.0,11486,0.0,0
2026-02-09 23:08:35,9888,AsusProArtHost.exe,AsusProArtService.exe,0.0,0,0.08,0.0,11488,0.0,0
2026-02-09 23:08:35,9916,DismHost.exe,SystemSettingsAdminFlows.exe,0.0,0,0.07,0.0,11406,0.0,0
2026-02-09 23:08:35,9920,brave.exe,brave.exe,0.0,0,0.17,0.0,4712,0.0,0
2026-02-09 23:08:35,10160,ShellExperienceHost.exe,svchost.exe,0.0,0,0.48,0.0,11362,0.0,0
2026-02-09 23:08:35,10204,sihost.exe,svchost.exe,0.0,0,0.31,0.0,11489,0.0,4
2026-02-09 23:08:35,10376,AsusWiFiSmartConnect.exe,AsusOptimization.exe,0.0,0,0.05,0.0,86238,0.0,1
2026-02-09 23:08:35,10396,conhost.exe,AsusWiFiSmartConnect.exe,0.0,0,0.01,0.0,86238,0.0,0
2026-02-09 23:08:35,10520,msedgewebview2.exe,msedgewebview2.exe,0.0,0,0.02,0.0,11421,0.0,0
2026-02-09 23:08:35,10580,msedgewebview2.exe,SearchHost.exe,0.0,0,0.11,0.0,11482,0.0,5
2026-02-09 23:08:35,10636,RtkAudUService64.exe,svchost.exe,0.0,0,0.03,0.0,86238,0.0,0
2026-02-09 23:08:35,10672,Code.exe,explorer.exe,0.0,0,1.03,0.0,7046,0.0,9
2026-02-09 23:08:35,10728,brave.exe,brave.exe,0.0,0,0.06,0.0,10307,0.0,0
2026-02-09 23:08:35,10840,brave.exe,brave.exe,0.0,0,0.36,0.0,10307,0.0,0
2026-02-09 23:08:35,10844,svchost.exe,services.exe,0.0,0,0.04,0.0,11492,0.0,0
2026-02-09 23:08:35,10872,svchost.exe,services.exe,0.0,0,0.12,0.0,86238,0.0,0
2026-02-09 23:08:35,10956,brave.exe,brave.exe,0.0,0,0.15,0.0,10302,0.0,0
2026-02-09 23:08:35,11068,svchost.exe,services.exe,0.0,0,0.06,0.0,86239,0.0,0
2026-02-09 23:08:35,11240,StartMenuExperienceHost.exe,svchost.exe,0.0,0,1.11,0.0,11486,0.0,0
2026-02-09 23:08:35,11248,gamingservices.exe,services.exe,0.0,0,0.21,0.0,86238,0.0,0
2026-02-09 23:08:35,11336,gamingservicesnet.exe,services.exe,0.0,0,0.06,0.0,86238,0.0,0
2026-02-09 23:08:35,11472,Notion.exe,Notion.exe,0.0,0,0.38,0.0,11448,0.0,0
2026-02-09 23:08:35,11504,msedgewebview2.exe,msedgewebview2.exe,0.0,0,0.04,0.0,11483,0.0,0
2026-02-09 23:08:35,11508,bash.exe,Code.exe,0.0,0,0.04,0.0,3499,0.0,1
2026-02-09 23:08:35,11808,svchost.exe,services.exe,0.0,0,0.1,0.0,86239,0.0,0
2026-02-09 23:08:35,11860,NVIDIA Overlay.exe,NVIDIA Overlay.exe,0.0,0,0.14,0.0,11482,0.0,0
2026-02-09 23:08:35,11880,brave.exe,brave.exe,0.0,0,0.46,0.0,10299,0.0,0
2026-02-09 23:08:35,11920,svchost.exe,services.exe,0.0,0,0.08,0.0,11455,0.0,0
2026-02-09 23:08:35,11932,wlanext.exe,svchost.exe,0.0,0,0.05,0.0,86239,0.0,0
2026-02-09 23:08:35,12108,winlogon.exe,Unknown,0.0,0,0.14,0.0,85803,0.0,2
2026-02-09 23:08:35,12160,conhost.exe,Code.exe,0.0,0,0.05,0.0,3500,0.0,0
2026-02-09 23:08:35,12204,AggregatorHost.exe,svchost.exe,0.0,0,0.02,0.0,86239,0.0,0
2026-02-09 23:08:35,12340,brave.exe,brave.exe,0.0,0,3.41,0.0,6144,0.0,0
2026-02-09 23:08:35,12364,svchost.exe,services.exe,0.0,0,0.01,0.0,86239,0.0,0
2026-02-09 23:08:35,12384,AsusOptimizationStartupTask.exe,AsusOptimization.exe,0.0,0,0.14,0.0,11493,0.0,0
2026-02-09 23:08:35,12448,svchost.exe,services.exe,0.0,0,0.04,0.0,86239,0.0,0
2026-02-09 23:08:35,12640,svchost.exe,services.exe,0.0,0,0.11,0.0,11484,0.0,0
2026-02-09 23:08:35,12676,brave.exe,brave.exe,0.0,0,0.99,0.0,10304,0.0,0
2026-02-09 23:08:35,12744,msedgewebview2.exe,msedgewebview2.exe,0.0,0,0.17,0.0,11388,0.0,0
2026-02-09 23:08:35,12832,Intel_PIE_Service.exe,services.exe,0.0,0,0.02,0.0,86240,0.0,0
2026-02-09 23:08:35,12888,RuntimeBroker.exe,svchost.exe,0.0,0,0.09,0.0,11360,0.0,0
2026-02-09 23:08:35,12912,svchost.exe,services.exe,0.0,0,0.01,0.0,85945,0.0,0
2026-02-09 23:08:35,12988,brave.exe,brave.exe,0.0,0,0.28,0.0,10307,0.0,0
2026-02-09 23:08:35,13176,SystemSettingsAdminFlows.exe,Unknown,0.0,0,0.24,0.0,11413,0.0,1
2026-02-09 23:08:35,13228,svchost.exe,services.exe,0.0,0,0.14,0.0,86241,0.0,0
2026-02-09 23:08:35,13280,nvcontainer.exe,nvcontainer.exe,0.0,0,0.2,0.0,11495,0.0,1
2026-02-09 23:08:35,13452,powershell.exe,Code.exe,0.0,0,0.38,0.0,4799,0.0,0
2026-02-09 23:08:35,13484,svchost.exe,services.exe,0.0,0,0.05,0.0,85945,0.0,0
2026-02-09 23:08:35,13596,brave.exe,brave.exe,0.0,0,8.85,0.0,7110,0.0,0
2026-02-09 23:08:35,13608,pet.exe,Code.exe,0.0,0,0.05,0.0,4800,0.0,1
2026-02-09 23:08:35,13616,Code.exe,Code.exe,0.0,0,0.56,0.0,5714,0.0,0
2026-02-09 23:08:35,13688,msedgewebview2.exe,msedgewebview2.exe,0.0,0,0.03,0.0,11361,0.0,0
2026-02-09 23:08:35,13740,svchost.exe,services.exe,0.0,0,0.04,0.0,86242,0.0,0
2026-02-09 23:08:35,13792,conhost.exe,Code.exe,0.0,0,0.05,0.0,4800,0.0,0
2026-02-09 23:08:35,14052,svchost.exe,services.exe,0.0,0,0.05,0.0,86242,0.0,1
2026-02-09 23:08:35,14148,svchost.exe,services.exe,0.0,0,0.09,0.0,86242,0.0,0
2026-02-09 23:08:35,14196,svchost.exe,services.exe,0.0,0,0.29,0.0,11496,0.0,0
2026-02-09 23:08:35,14236,NgcIso.exe,svchost.exe,0.0,0,0.02,0.0,86242,0.0,0
2026-02-09 23:08:35,14348,Notion.exe,Notion.exe,0.0,0,1.03,0.0,11452,0.0,0
2026-02-09 23:08:35,14408,AsusOSD.exe,Unknown,0.0,0,0.11,0.0,11435,0.0,0
2026-02-09 23:08:35,14472,brave.exe,brave.exe,0.0,0,1.27,0.0,10314,0.0,0
2026-02-09 23:08:35,14628,svchost.exe,services.exe,0.0,0,0.2,0.0,5882,0.0,0
2026-02-09 23:08:35,14860,RuntimeBroker.exe,svchost.exe,0.0,0,0.1,0.0,7884,0.0,0
2026-02-09 23:08:35,14904,Notion.exe,Notion.exe,0.0,0,0.38,0.0,11454,0.0,0
2026-02-09 23:08:35,14940,svchost.exe,services.exe,0.0,0,0.07,0.0,11497,0.0,0
2026-02-09 23:08:35,14948,Notion.exe,Notion.exe,0.0,0,0.41,0.0,11453,0.0,0
2026-02-09 23:08:35,14972,ctfmon.exe,svchost.exe,0.0,0,0.25,0.0,11490,0.0,0
2026-02-09 23:08:35,15100,Notion.exe,Notion.exe,0.0,0,0.45,0.0,11454,0.0,0
2026-02-09 23:08:35,15292,Code.exe,Code.exe,0.0,0,0.75,0.0,7036,0.0,8
2026-02-09 23:08:35,15316,LockApp.exe,svchost.exe,0.0,0,0.45,0.0,11490,0.0,0
2026-02-09 23:08:35,15644,svchost.exe,services.exe,0.0,0,0.05,0.0,2946,0.0,0
2026-02-09 23:08:35,15696,msedgewebview2.exe,msedgewebview2.exe,0.0,0,0.0,0.0,11430,0.0,0
2026-02-09 23:08:35,15812,svchost.exe,services.exe,0.0,0,0.1,0.0,11433,0.0,0
2026-02-09 23:08:35,15988,msedgewebview2.exe,msedgewebview2.exe,0.0,0,0.06,0.0,11364,0.0,0
2026-02-09 23:08:35,16000,SecurityHealthSystray.exe,explorer.exe,0.0,0,0.08,0.0,11477,0.0,0
2026-02-09 23:08:35,16008,msedgewebview2.exe,msedgewebview2.exe,0.0,0,0.06,0.0,11491,0.0,0
2026-02-09 23:08:35,16220,RuntimeBroker.exe,svchost.exe,0.0,0,0.14,0.0,11371,0.0,0
2026-02-09 23:08:35,16316,Notion.exe,explorer.exe,0.0,0,0.7,0.0,11456,0.0,6
2026-02-09 23:08:35,16364,msedgewebview2.exe,msedgewebview2.exe,0.0,0,2.06,0.0,11392,0.0,0
2026-02-09 23:08:35,16432,svchost.exe,services.exe,0.0,0,0.02,0.0,85946,0.0,0
2026-02-09 23:08:35,16488,CrossDeviceService.exe,sihost.exe,0.0,0,0.96,0.0,11436,0.0,0
2026-02-09 23:08:35,16544,FileCoAuth.exe,svchost.exe,0.0,0,0.24,0.0,11435,0.0,0
2026-02-09 23:08:35,16556,msedgewebview2.exe,WhatsApp.Root.exe,0.0,0,0.63,0.0,11394,0.0,6
2026-02-09 23:08:35,16584,OneDrive.exe,explorer.exe,0.0,0,0.87,0.0,11470,0.0,0
2026-02-09 23:08:35,16720,Code.exe,Code.exe,0.0,0,0.3,0.0,7055,0.0,0
2026-02-09 23:08:35,16772,conhost.exe,pet.exe,0.0,0,0.04,0.0,4805,0.0,0
2026-02-09 23:08:35,16824,nvcontainer.exe,nvcontainer.exe,0.0,0,0.41,0.0,11500,0.0,0
2026-02-09 23:08:35,16844,fontdrvhost.exe,winlogon.exe,0.0,0,0.05,0.0,85810,0.0,0
2026-02-09 23:08:35,16904,Code.exe,Code.exe,15.6,0,2.09,0.0,7042,0.0022,0
2026-02-09 23:08:35,16944,BraveCrashHandler.exe,Unknown,0.0,0,0.01,0.0,86243,0.0,0
2026-02-09 23:08:35,16960,svchost.exe,services.exe,0.0,0,0.14,0.0,11498,0.0,0
2026-02-09 23:08:35,17104,msedgewebview2.exe,msedgewebview2.exe,0.0,0,0.0,0.0,11492,0.0,0
2026-02-09 23:08:35,17148,OneDrive.Sync.Service.exe,Unknown,0.0,0,0.04,0.0,11137,0.0,0
2026-02-09 23:08:35,17340,brave.exe,brave.exe,0.0,0,0.58,0.0,10313,0.0,0
2026-02-09 23:08:35,17568,csrss.exe,Unknown,0.0,0,0.05,0.0,85811,0.0,0
2026-02-09 23:08:35,17600,svchost.exe,services.exe,0.0,0,0.03,0.0,86243,0.0,0
2026-02-09 23:08:35,17608,svchost.exe,services.exe,0.0,0,0.21,0.0,11501,0.0,0
2026-02-09 23:08:35,17744,AsusSoftwareManagerAgent.exe,AsusSoftwareManager.exe,0.0,0,0.29,0.0,11228,0.0,0
2026-02-09 23:08:35,17852,conhost.exe,Code.exe,0.0,0,0.05,0.0,4780,0.0,0
2026-02-09 23:08:35,17876,TrustedInstaller.exe,services.exe,0.0,0,0.06,0.0,11488,0.0,0
2026-02-09 23:08:35,18092,svchost.exe,services.exe,0.0,0,0.06,0.0,86148,0.0,0
2026-02-09 23:08:35,18144,svchost.exe,services.exe,0.0,0,0.14,0.0,86129,0.0,0
2026-02-09 23:08:35,18292,python.exe,powershell.exe,0.0,0,0.12,0.0,36,0.0,0
2026-02-09 23:08:35,18316,msedgewebview2.exe,msedgewebview2.exe,0.0,0,0.08,0.0,11396,0.0,0
2026-02-09 23:08:35,18344,svchost.exe,services.exe,0.0,0,0.05,0.0,86182,0.0,0
2026-02-09 23:08:35,18372,svchost.exe,services.exe,0.0,0,0.07,0.0,11503,0.0,0
2026-02-09 23:08:35,18468,brave.exe,brave.exe,0.0,0,0.26,0.0,10318,0.0,0
2026-02-09 23:08:35,18552,msedgewebview2.exe,msedgewebview2.exe,0.0,0,0.06,0.0,11397,0.0,0
2026-02-09 23:08:35,18604,svchost.exe,services.exe,0.0,0,0.07,0.0,86181,0.0,0
2026-02-09 23:08:35,18696,svchost.exe,services.exe,0.0,0,0.13,0.0,86130,0.0,0
2026-02-09 23:08:35,18776,brave.exe,brave.exe,0.0,0,1.72,0.0,10319,0.0,0
2026-02-09 23:08:35,18792,Code.exe,Code.exe,0.0,0,0.58,0.0,6080,0.0,0
2026-02-09 23:08:35,18924,WidgetService.exe,svchost.exe,0.0,0,0.17,0.0,11498,0.0,0
2026-02-09 23:08:35,19012,brave.exe,brave.exe,0.0,0,0.4,0.0,10320,0.0,0
2026-02-09 23:08:35,19024,FileSyncHelper.exe,services.exe,0.0,0,0.1,0.0,86217,0.0,0
2026-02-09 23:08:35,19072,msedgewebview2.exe,msedgewebview2.exe,0.0,0,0.04,0.0,11369,0.0,0
2026-02-09 23:08:35,19140,SecurityHealthService.exe,services.exe,0.0,0,0.1,0.0,86224,0.0,0
2026-02-09 23:08:35,19148,TiWorker.exe,svchost.exe,0.0,0,2.86,0.0,11490,0.0,0
2026-02-09 23:08:35,19392,svchost.exe,services.exe,0.0,0,0.08,0.0,86221,0.0,0
2026-02-09 23:08:35,19636,M365Copilot.exe,Unknown,0.0,0,0.65,0.0,11371,0.0,1
2026-02-09 23:08:35,19764,powershell.exe,Code.exe,0.0,0,0.36,0.0,4783,0.0,1
2026-02-09 23:08:35,20080,brave.exe,brave.exe,0.0,0,1.24,0.0,9908,0.0,0
2026-02-09 23:08:35,20180,msedgewebview2.exe,msedgewebview2.exe,0.0,0,0.05,0.0,11399,0.0,0
2026-02-09 23:08:35,20404,Code.exe,Code.exe,0.0,0,0.2,0.0,7061,0.0,0
2026-02-09 23:08:35,20420,brave.exe,brave.exe,0.0,0,0.13,0.0,10322,0.0,0
2026-02-09 23:08:35,20496,ApplicationFrameHost.exe,svchost.exe,0.0,0,0.3,0.0,11461,0.0,0
2026-02-09 23:08:35,20576,backgroundTaskHost.exe,svchost.exe,0.0,0,0.01,0.0,7892,0.0,0
2026-02-09 23:08:35,20584,CrossDeviceResume.exe,sihost.exe,0.0,0,0.41,0.0,11505,0.0,0
2026-02-09 23:08:35,20596,AsusScreenXpertUI.exe,AsusScreenXpertHostService.exe,0.0,0,0.1,0.0,11505,0.0,0
2026-02-09 23:08:35,20732,smartscreen.exe,svchost.exe,0.0,0,0.08,0.0,105,0.0,0
2026-02-09 23:08:35,20816,RuntimeBroker.exe,svchost.exe,0.0,0,0.08,0.0,11402,0.0,0
2026-02-09 23:08:35,20860,brave.exe,explorer.exe,0.0,0,1.69,0.0,10324,0.0,20
2026-02-09 23:08:35,21248,RtkAudUService64.exe,svchost.exe,0.0,0,0.03,0.0,11475,0.0,0
2026-02-09 23:08:35,21280,NVIDIA Overlay.exe,NVIDIA Overlay.exe,0.0,0,0.29,0.0,11501,0.0,0
2026-02-09 23:08:35,21288,Widgets.exe,svchost.exe,0.0,0,0.4,0.0,11501,0.0,1
2026-02-09 23:08:35,21380,svchost.exe,services.exe,0.0,0,0.14,0.0,11501,0.0,0
2026-02-09 23:08:35,21520,bash.exe,bash.exe,0.0,0,0.06,0.0,5740,0.0,0
2026-02-09 23:08:35,21524,explorer.exe,Unknown,0.0,0,2.46,0.0,11506,0.0,5
2026-02-09 23:08:35,21832,Code.exe,Code.exe,15.4,0,1.34,0.0,7063,0.0022,0
2026-02-09 23:08:35,21860,uihost.exe,servicehost.exe,0.0,0,0.16,0.0,11505,0.0,0
2026-02-09 23:08:35,21912,nvsphelper64.exe,nvcontainer.exe,0.0,0,0.09,0.0,11505,0.0,0
2026-02-09 23:08:35,21988,mc-fw-host.exe,mc-fw-host.exe,0.0,0,0.17,0.0,11505,0.0,0
2026-02-09 23:08:35,22004,NVIDIA Overlay.exe,nvcontainer.exe,0.0,0,0.56,0.0,11505,0.0,4
2026-02-09 23:08:35,22176,conhost.exe,Code.exe,0.0,0,0.05,0.0,5741,0.0,0
2026-02-09 23:08:35,22208,Code.exe,Code.exe,0.0,0,2.01,0.0,4812,0.0,0
2026-02-09 23:08:35,22264,svchost.exe,services.exe,0.0,0,0.09,0.0,11458,0.0,0
2026-02-09 23:08:35,22316,brave.exe,brave.exe,0.0,0,0.41,0.0,10324,0.0,0
2026-02-09 23:08:35,22396,brave.exe,brave.exe,0.0,0,1.39,0.0,9898,0.0,0
2026-02-09 23:08:35,22452,Notion.exe,Notion.exe,0.0,0,2.13,0.0,11464,0.0,0
2026-02-09 23:08:35,23244,svchost.exe,services.exe,0.0,0,0.22,0.0,2711,0.0,0
2026-02-09 23:08:35,23680,AppVShNotify.exe,OfficeClickToRun.exe,0.0,0,0.07,0.0,866,0.0,0
2026-02-09 23:08:35,23852,CodeSetup-stable-bdd88df003631aaa0bcbe057cb0a940b80a476fa.exe,Code.exe,0.0,0,0.05,0.0,4287,0.0,1
2026-02-09 23:08:35,23988,CodeSetup-stable-bdd88df003631aaa0bcbe057cb0a940b80a476fa.tmp,CodeSetup-stable-bdd88df003631aaa0bcbe057cb0a940b80a476fa.exe,0.0,0,0.17,0.0,4287,0.0,0
2026-02-09 23:08:35,25636,WmiPrvSE.exe,svchost.exe,0.0,0,0.11,0.0,677,0.0,0
2026-02-12 19:10:32,0,System Idle Process,Unknown,1612.6,0,0.0,0.0,1770903632,0.0,2
2026-02-12 19:10:32,4,System,System Idle Process,15.1,0,0.04,0.0,1770903632,0.0,4
2026-02-12 19:10:32,236,,System,0.0,0,0.39,0.0,127042,0.0,0
2026-02-12 19:10:32,280,Registry,System,0.0,0,0.2,0.0,127042,0.0,0
2026-02-12 19:10:32,476,msedgewebview2.exe,msedgewebview2.exe,0.0,0,0.06,0.0,232,0.0,0
2026-02-12 19:10:32,492,brave.exe,brave.exe,0.0,0,0.19,0.0,203,0.0,0
2026-02-12 19:10:32,832,WUDFHost.exe,services.exe,0.0,0,0.02,0.0,127026,0.0,0
2026-02-12 19:10:32,848,smss.exe,System,0.0,0,0.0,0.0,127040,0.0,0
2026-02-12 19:10:32,864,svchost.exe,services.exe,0.0,0,0.15,0.0,126900,0.0,0
2026-02-12 19:10:32,956,svchost.exe,services.exe,0.0,0,0.03,0.0,127027,0.0,0
2026-02-12 19:10:32,1084,svchost.exe,services.exe,0.0,0,0.06,0.0,127027,0.0,0
2026-02-12 19:10:32,1112,csrss.exe,Unknown,0.0,0,0.03,0.0,127030,0.0,0
2026-02-12 19:10:32,1116,brave.exe,brave.exe,0.0,0,0.61,0.0,255,0.0,0
2026-02-12 19:10:32,1224,wininit.exe,Unknown,0.0,0,0.03,0.0,127028,0.0,4
2026-02-12 19:10:32,1340,services.exe,wininit.exe,0.0,0,0.07,0.0,127028,0.0,134
2026-02-12 19:10:32,1348,WmiApSrv.exe,services.exe,0.0,0,0.08,0.0,107,0.0,0
2026-02-12 19:10:32,1368,msedgewebview2.exe,msedgewebview2.exe,0.0,0,0.15,0.0,264,0.0,0
2026-02-12 19:10:32,1384,LsaIso.exe,wininit.exe,0.0,0,0.01,0.0,127028,0.0,0
2026-02-12 19:10:32,1392,lsass.exe,wininit.exe,0.0,0,0.16,0.0,127029,0.0,0
2026-02-12 19:10:32,1420,svchost.exe,services.exe,0.0,0,0.06,0.0,127028,0.0,0
2026-02-12 19:10:32,1532,svchost.exe,services.exe,0.0,0,0.2,0.0,127029,0.0,32
2026-02-12 19:10:32,1540,fontdrvhost.exe,wininit.exe,0.0,0,0.01,0.0,127029,0.0,0
2026-02-12 19:10:32,1576,Notion.exe,Notion.exe,0.0,0,1.33,0.0,267,0.0,0
2026-02-12 19:10:32,1636,WUDFHost.exe,services.exe,0.0,0,0.09,0.0,127029,0.0,0
2026-02-12 19:10:32,1664,RuntimeBroker.exe,svchost.exe,0.0,0,0.07,0.0,54,0.0,0
2026-02-12 19:10:32,1696,svchost.exe,services.exe,0.0,0,0.11,0.0,127029,0.0,0
2026-02-12 19:10:32,1736,svchost.exe,services.exe,0.0,0,0.07,0.0,127029,0.0,0
2026-02-12 19:10:32,1752,RtkAudUService64.exe,svchost.exe,0.0,0,0.04,0.0,323,0.0,0
2026-02-12 19:10:32,1788,brave.exe,brave.exe,0.0,0,1.05,0.0,234,0.0,0
2026-02-12 19:10:32,1804,WUDFHost.exe,services.exe,0.0,0,0.06,0.0,127030,0.0,0
2026-02-12 19:10:32,1824,mc-fw-host.exe,mc-fw-host.exe,0.0,0,0.19,0.0,352,0.0,0
2026-02-12 19:10:32,1868,AsusProArtService.exe,services.exe,0.0,0,0.14,0.0,127029,0.0,1
2026-02-12 19:10:32,1988,svchost.exe,services.exe,0.0,0,0.02,0.0,127030,0.0,0
2026-02-12 19:10:32,2012,svchost.exe,services.exe,0.0,0,0.06,0.0,127030,0.0,0
2026-02-12 19:10:32,2032,svchost.exe,services.exe,0.0,0,0.1,0.0,127030,0.0,0
2026-02-12 19:10:32,2072,svchost.exe,services.exe,0.0,0,0.07,0.0,127030,0.0,0
2026-02-12 19:10:32,2204,svchost.exe,services.exe,0.0,0,0.05,0.0,127031,0.0,0
2026-02-12 19:10:32,2216,svchost.exe,services.exe,0.0,0,0.05,0.0,127031,0.0,0
2026-02-12 19:10:32,2304,svchost.exe,services.exe,0.0,0,0.05,0.0,127031,0.0,0
2026-02-12 19:10:32,2372,svchost.exe,services.exe,0.0,0,0.08,0.0,127031,0.0,5
2026-02-12 19:10:32,2404,svchost.exe,services.exe,0.0,0,0.02,0.0,127031,0.0,0
2026-02-12 19:10:32,2432,svchost.exe,services.exe,0.0,0,0.03,0.0,127031,0.0,0
2026-02-12 19:10:32,2472,svchost.exe,services.exe,0.0,0,0.05,0.0,127031,0.0,0
2026-02-12 19:10:32,2520,svchost.exe,services.exe,0.0,0,0.05,0.0,127032,0.0,0
2026-02-12 19:10:32,2532,svchost.exe,services.exe,0.0,0,0.04,0.0,127032,0.0,0
2026-02-12 19:10:32,2604,svchost.exe,services.exe,0.0,0,0.03,0.0,127032,0.0,0
2026-02-12 19:10:32,2640,svchost.exe,services.exe,0.0,0,0.04,0.0,127032,0.0,0
2026-02-12 19:10:32,2664,ApplicationFrameHost.exe,svchost.exe,0.0,0,0.41,0.0,293,0.0,0
2026-02-12 19:10:32,2708,svchost.exe,services.exe,0.0,0,0.1,0.0,127032,0.0,0
2026-02-12 19:10:32,2716,conhost.exe,pet.exe,0.0,0,0.04,0.0,26,0.0,0
2026-02-12 19:10:32,2820,svchost.exe,services.exe,0.0,0,0.13,0.0,127032,0.0,1
2026-02-12 19:10:32,2896,svchost.exe,services.exe,0.0,0,0.04,0.0,127033,0.0,0
2026-02-12 19:10:32,3088,IntelCpHDCPSvc.exe,services.exe,0.0,0,0.02,0.0,127033,0.0,0
2026-02-12 19:10:32,3232,NVIDIA Overlay.exe,NVIDIA Overlay.exe,0.0,0,0.2,0.0,352,0.0,0
2026-02-12 19:10:32,3384,svchost.exe,services.exe,0.0,0,0.03,0.0,127032,0.0,0
2026-02-12 19:10:32,3388,svchost.exe,services.exe,0.0,0,0.04,0.0,127033,0.0,0
2026-02-12 19:10:32,3416,M365Copilot.exe,Unknown,0.0,0,0.9,0.0,241,0.0,1
2026-02-12 19:10:32,3432,NVDisplay.Container.exe,services.exe,0.0,0,0.15,0.0,127033,0.0,1
2026-02-12 19:10:32,3440,nvcontainer.exe,nvcontainer.exe,0.0,0,0.4,0.0,358,0.0,0
2026-02-12 19:10:32,3468,svchost.exe,services.exe,0.0,0,0.18,0.0,127033,0.0,0
2026-02-12 19:10:32,3480,svchost.exe,services.exe,0.0,0,0.15,0.0,127033,0.0,0
2026-02-12 19:10:32,3524,svchost.exe,services.exe,0.0,0,0.02,0.0,127034,0.0,0
2026-02-12 19:10:32,3532,svchost.exe,services.exe,0.0,0,0.04,0.0,127034,0.0,0
2026-02-12 19:10:32,3540,svchost.exe,services.exe,0.0,0,0.07,0.0,127034,0.0,0
2026-02-12 19:10:32,3572,MoUsoCoreWorker.exe,svchost.exe,0.0,0,0.22,0.0,60,0.0,0
2026-02-12 19:10:32,3636,MemCompression,System,0.0,0,1.74,0.0,127034,0.0,0
2026-02-12 19:10:32,3660,svchost.exe,services.exe,0.0,0,0.05,0.0,127034,0.0,0
2026-02-12 19:10:32,3732,svchost.exe,services.exe,0.0,0,0.04,0.0,127034,0.0,0
2026-02-12 19:10:32,3744,svchost.exe,services.exe,0.0,0,0.03,0.0,127034,0.0,0
2026-02-12 19:10:32,3836,audiodg.exe,svchost.exe,0.0,0,0.14,0.0,127034,0.0,0
2026-02-12 19:10:32,3904,svchost.exe,services.exe,0.0,0,0.08,0.0,127035,0.0,1
2026-02-12 19:10:32,3968,svchost.exe,services.exe,0.0,0,0.03,0.0,127035,0.0,1
2026-02-12 19:10:32,3996,svchost.exe,services.exe,0.0,0,0.26,0.0,360,0.0,0
2026-02-12 19:10:32,4100,svchost.exe,services.exe,0.0,0,0.09,0.0,127035,0.0,1
2026-02-12 19:10:32,4120,brave.exe,brave.exe,0.0,0,0.32,0.0,255,0.0,0
2026-02-12 19:10:32,4164,svchost.exe,services.exe,0.0,0,0.08,0.0,127035,0.0,0
2026-02-12 19:10:32,4212,AsusOptimization.exe,services.exe,0.0,0,0.05,0.0,127035,0.0,2
2026-02-12 19:10:32,4252,RuntimeBroker.exe,svchost.exe,0.0,0,0.21,0.0,36,0.0,0
2026-02-12 19:10:32,4280,svchost.exe,services.exe,0.0,0,0.17,0.0,127026,0.0,0
2026-02-12 19:10:32,4292,RtkAudUService64.exe,services.exe,0.0,0,0.05,0.0,127035,0.0,0
2026-02-12 19:10:32,4408,spoolsv.exe,services.exe,0.0,0,0.05,0.0,127035,0.0,0
2026-02-12 19:10:32,4436,svchost.exe,services.exe,0.0,0,0.11,0.0,127036,0.0,0
2026-02-12 19:10:32,4536,svchost.exe,services.exe,0.0,0,0.03,0.0,127036,0.0,0
2026-02-12 19:10:32,4564,svchost.exe,services.exe,0.0,0,0.03,0.0,127036,0.0,0
2026-02-12 19:10:32,4676,AsusProArtUpdateService.exe,services.exe,0.0,0,0.05,0.0,127036,0.0,0
2026-02-12 19:10:32,4696,svchost.exe,services.exe,0.0,0,0.03,0.0,127036,0.0,0
2026-02-12 19:10:32,4704,svchost.exe,services.exe,0.0,0,0.41,0.0,127036,0.0,1
2026-02-12 19:10:32,4716,svchost.exe,services.exe,0.0,0,0.19,0.0,127036,0.0,0
2026-02-12 19:10:32,4728,OfficeClickToRun.exe,services.exe,0.0,0,0.2,0.0,127036,0.0,0
2026-02-12 19:10:32,4808,AsusSystemAnalysis.exe,services.exe,0.0,0,0.07,0.0,127036,0.0,0
2026-02-12 19:10:32,4844,NVIDIA Overlay.exe,NVIDIA Overlay.exe,0.0,0,0.5,0.0,357,0.0,0
2026-02-12 19:10:32,4940,svchost.exe,services.exe,0.0,0,0.05,0.0,127037,0.0,0
2026-02-12 19:10:32,4972,mc-fw-host.exe,services.exe,0.0,0,0.93,0.0,127037,0.0,1
2026-02-12 19:10:32,5024,AsusPTPService.exe,services.exe,0.0,0,0.02,0.0,127037,0.0,0
2026-02-12 19:10:32,5056,nvcontainer.exe,services.exe,0.0,0,0.16,0.0,127037,0.0,4
2026-02-12 19:10:32,5064,MpDefenderCoreService.exe,services.exe,0.0,0,0.13,0.0,127037,0.0,0
2026-02-12 19:10:32,5084,GlideXNearService.exe,services.exe,0.0,0,0.05,0.0,127037,0.0,0
2026-02-12 19:10:32,5112,explorer.exe,Unknown,0.0,0,1.67,0.0,363,0.0,5
2026-02-12 19:10:32,5140,svchost.exe,services.exe,0.0,0,0.02,0.0,127037,0.0,0
2026-02-12 19:10:32,5148,svchost.exe,services.exe,0.0,0,0.13,0.0,127038,0.0,0
2026-02-12 19:10:32,5156,MsMpEng.exe,services.exe,0.0,0,0.89,0.0,127038,0.0,0
2026-02-12 19:10:32,5168,GlideXRemoteService.exe,services.exe,0.0,0,0.04,0.0,127038,0.0,0
2026-02-12 19:10:32,5176,ipfsvc.exe,services.exe,0.0,0,0.02,0.0,127038,0.0,0
2026-02-12 19:10:32,5184,GlideXService.exe,services.exe,0.0,0,0.06,0.0,127038,0.0,0
2026-02-12 19:10:32,5204,GlideXServiceExt.exe,services.exe,0.0,0,0.04,0.0,127038,0.0,0
2026-02-12 19:10:32,5216,AsusSwitch.exe,services.exe,0.0,0,0.02,0.0,127038,0.0,0
2026-02-12 19:10:32,5224,AsusScreenXpertHostService.exe,services.exe,0.0,0,0.15,0.0,127038,0.0,1
2026-02-12 19:10:32,5236,svchost.exe,services.exe,0.0,0,0.11,0.0,127039,0.0,0
2026-02-12 19:10:32,5252,OneApp.IGCC.WinService.exe,services.exe,0.0,0,0.12,0.0,127039,0.0,0
2026-02-12 19:10:32,5276,svchost.exe,services.exe,0.0,0,0.02,0.0,127039,0.0,0
2026-02-12 19:10:32,5292,AsusSystemDiagnosis.exe,services.exe,0.0,0,0.03,0.0,127039,0.0,0
2026-02-12 19:10:32,5304,AsusSoftwareManager.exe,services.exe,0.0,0,0.08,0.0,127039,0.0,1
2026-02-12 19:10:32,5352,NVIDIA Overlay.exe,NVIDIA Overlay.exe,0.0,0,0.15,0.0,360,0.0,0
2026-02-12 19:10:32,5356,ipf_uf.exe,services.exe,0.0,0,0.03,0.0,127039,0.0,1
2026-02-12 19:10:32,5372,jhi_service.exe,services.exe,0.0,0,0.02,0.0,127039,0.0,0
2026-02-12 19:10:32,5404,RstMwService.exe,services.exe,0.0,0,0.03,0.0,127040,0.0,0
2026-02-12 19:10:32,5420,AsusAppService.exe,services.exe,0.0,0,0.15,0.0,127040,0.0,0
2026-02-12 19:10:32,5512,IntelAudioService.exe,services.exe,0.0,0,0.09,0.0,127040,0.0,0
2026-02-12 19:10:32,5528,svchost.exe,services.exe,0.0,0,0.04,0.0,127040,0.0,0
2026-02-12 19:10:32,5680,WMIRegistrationService.exe,services.exe,0.0,0,0.03,0.0,127040,0.0,0
2026-02-12 19:10:32,5808,LockApp.exe,svchost.exe,0.0,0,0.44,0.0,358,0.0,0
2026-02-12 19:10:32,5860,servicehost.exe,services.exe,0.0,0,0.24,0.0,127040,0.0,1
2026-02-12 19:10:32,5880,svchost.exe,services.exe,0.0,0,0.07,0.0,126968,0.0,0
2026-02-12 19:10:32,5928,svchost.exe,services.exe,0.0,0,0.07,0.0,127040,0.0,0
2026-02-12 19:10:32,5996,brave.exe,brave.exe,0.0,0,1.81,0.0,269,0.0,0
2026-02-12 19:10:32,6032,Code.exe,Code.exe,46.7,0,1.0,0.0,40,1.1515,0
2026-02-12 19:10:32,6364,dllhost.exe,svchost.exe,0.0,0,0.1,0.0,283,0.0,0
2026-02-12 19:10:32,6788,svchost.exe,services.exe,0.0,0,0.13,0.0,126915,0.0,0
2026-02-12 19:10:32,6940,msedgewebview2.exe,msedgewebview2.exe,0.0,0,0.12,0.0,248,0.0,0
2026-02-12 19:10:32,6944,msedgewebview2.exe,msedgewebview2.exe,0.0,0,0.06,0.0,359,0.0,0
2026-02-12 19:10:32,7108,Code.exe,Code.exe,0.0,0,0.84,0.0,38,0.0,4
2026-02-12 19:10:32,7120,svchost.exe,services.exe,0.0,0,0.1,0.0,76786,0.0,0
2026-02-12 19:10:32,7380,brave.exe,brave.exe,0.0,0,0.14,0.0,272,0.0,0
2026-02-12 19:10:32,7612,brave.exe,brave.exe,0.0,0,0.62,0.0,269,0.0,0
2026-02-12 19:10:32,7684,SystemSettings.exe,svchost.exe,0.0,0,0.22,0.0,304,0.0,0
2026-02-12 19:10:32,7688,svchost.exe,services.exe,0.0,0,0.05,0.0,127041,0.0,1
2026-02-12 19:10:32,7708,svchost.exe,services.exe,0.0,0,0.14,0.0,127041,0.0,0
2026-02-12 19:10:32,7788,svchost.exe,services.exe,0.0,0,0.03,0.0,78367,0.0,0
2026-02-12 19:10:32,8084,CrossDeviceService.exe,sihost.exe,0.0,0,0.9,0.0,327,0.0,0
2026-02-12 19:10:32,8112,NgcIso.exe,svchost.exe,0.0,0,0.02,0.0,127041,0.0,0
2026-02-12 19:10:32,8180,WmiPrvSE.exe,svchost.exe,0.0,0,0.32,0.0,127041,0.0,0
2026-02-12 19:10:32,8304,taskhostw.exe,svchost.exe,0.0,0,0.14,0.0,369,0.0,0
2026-02-12 19:10:32,8328,svchost.exe,services.exe,0.0,0,0.09,0.0,301,0.0,0
2026-02-12 19:10:32,8888,msedgewebview2.exe,msedgewebview2.exe,0.0,0,0.06,0.0,301,0.0,0
2026-02-12 19:10:32,9204,svchost.exe,services.exe,0.0,0,0.1,0.0,127036,0.0,0
2026-02-12 19:10:32,9368,RtkAudUService64.exe,svchost.exe,0.0,0,0.05,0.0,127041,0.0,0
2026-02-12 19:10:32,9752,svchost.exe,services.exe,0.0,0,0.29,0.0,369,0.0,0
2026-02-12 19:10:32,9776,AsusWiFiSmartConnect.exe,AsusOptimization.exe,0.0,0,0.05,0.0,127041,0.0,1
2026-02-12 19:10:32,9816,conhost.exe,AsusWiFiSmartConnect.exe,0.0,0,0.02,0.0,127041,0.0,0
2026-02-12 19:10:32,9836,WmiPrvSE.exe,svchost.exe,0.0,0,0.07,0.0,127041,0.0,0
2026-02-12 19:10:32,9992,WidgetService.exe,svchost.exe,0.0,0,0.21,0.0,364,0.0,0
2026-02-12 19:10:32,10136,BraveCrashHandler.exe,Unknown,0.0,0,0.01,0.0,127041,0.0,0
2026-02-12 19:10:32,10152,BraveCrashHandler64.exe,Unknown,0.0,0,0.01,0.0,127042,0.0,0
2026-02-12 19:10:32,10160,nvsphelper64.exe,nvcontainer.exe,0.0,0,0.11,0.0,367,0.0,0
2026-02-12 19:10:32,10176,WmiPrvSE.exe,svchost.exe,0.0,0,0.24,0.0,75260,0.0,0
2026-02-12 19:10:32,10244,uihost.exe,servicehost.exe,0.0,0,0.18,0.0,368,0.0,0
2026-02-12 19:10:32,10260,UserOOBEBroker.exe,svchost.exe,0.0,0,0.07,0.0,303,0.0,0
2026-02-12 19:10:32,10364,opera_autoupdate.exe,opera_autoupdate.exe,0.0,0,0.07,0.0,63,0.0,0
2026-02-12 19:10:32,10456,Notion.exe,Notion.exe,0.0,0,1.25,0.0,284,0.0,0
2026-02-12 19:10:32,10636,StartMenuExperienceHost.exe,svchost.exe,0.0,0,1.13,0.0,365,0.0,0
2026-02-12 19:10:32,10660,msedgewebview2.exe,msedgewebview2.exe,0.0,0,0.06,0.0,283,0.0,0
2026-02-12 19:10:32,10832,SearchIndexer.exe,services.exe,30.3,0,0.15,0.0,127028,0.0002,3
2026-02-12 19:10:32,10948,RuntimeBroker.exe,svchost.exe,0.0,0,0.25,0.0,362,0.0,0
2026-02-12 19:10:32,10956,svchost.exe,services.exe,0.0,0,0.08,0.0,369,0.0,0
2026-02-12 19:10:32,11096,AsusScreenXpertUI.exe,AsusScreenXpertHostService.exe,0.0,0,0.1,0.0,371,0.0,0
2026-02-12 19:10:32,11148,svchost.exe,services.exe,0.0,0,0.07,0.0,127042,0.0,0
2026-02-12 19:10:32,11180,svchost.exe,services.exe,0.0,0,0.02,0.0,127042,0.0,0
2026-02-12 19:10:32,11316,msedgewebview2.exe,M365Copilot.exe,0.0,0,0.8,0.0,253,0.0,5
2026-02-12 19:10:32,11460,brave.exe,explorer.exe,0.0,0,1.92,0.0,276,0.0,20
2026-02-12 19:10:32,11548,svchost.exe,services.exe,0.0,0,0.42,0.0,127042,0.0,0
2026-02-12 19:10:32,11556,svchost.exe,services.exe,0.0,0,0.14,0.0,127042,0.0,0
2026-02-12 19:10:32,11740,gamingservices.exe,services.exe,0.0,0,0.22,0.0,127042,0.0,0
2026-02-12 19:10:32,12112,wlanext.exe,svchost.exe,0.0,0,0.04,0.0,127042,0.0,0
2026-02-12 19:10:32,12156,gamingservicesnet.exe,services.exe,0.0,0,0.06,0.0,127042,0.0,0
2026-02-12 19:10:32,12308,svchost.exe,services.exe,0.0,0,0.14,0.0,127040,0.0,0
2026-02-12 19:10:32,12348,svchost.exe,services.exe,0.0,0,0.05,0.0,366,0.0,0
2026-02-12 19:10:32,12444,Intel_PIE_Service.exe,services.exe,0.0,0,0.04,0.0,127041,0.0,0
2026-02-12 19:10:32,12472,Code.exe,Code.exe,0.0,0,3.46,0.0,41,0.0,0
2026-02-12 19:10:32,12508,svchost.exe,services.exe,0.0,0,0.05,0.0,127042,0.0,0
2026-02-12 19:10:32,12600,AsusOptimizationStartupTask.exe,AsusOptimization.exe,0.0,0,0.14,0.0,373,0.0,0
2026-02-12 19:10:32,12616,svchost.exe,services.exe,0.0,0,0.07,0.0,126945,0.0,0
2026-02-12 19:10:32,12668,brave.exe,brave.exe,0.0,0,0.35,0.0,278,0.0,0
2026-02-12 19:10:32,12804,CrossDeviceResume.exe,sihost.exe,0.0,0,0.44,0.0,373,0.0,0
2026-02-12 19:10:32,12828,svchost.exe,services.exe,0.0,0,0.14,0.0,127042,0.0,0
2026-02-12 19:10:32,12888,brave.exe,brave.exe,0.0,0,0.21,0.0,260,0.0,0
2026-02-12 19:10:32,12904,svchost.exe,services.exe,0.0,0,0.01,0.0,127042,0.0,0
2026-02-12 19:10:32,13140,ShellExperienceHost.exe,svchost.exe,0.0,0,0.47,0.0,247,0.0,0
2026-02-12 19:10:32,13164,powershell.exe,Code.exe,0.0,0,0.46,0.0,45,0.0,1
2026-02-12 19:10:32,13392,svchost.exe,services.exe,0.0,0,0.17,0.0,127040,0.0,0
2026-02-12 19:10:32,13428,msedgewebview2.exe,msedgewebview2.exe,0.0,0,0.01,0.0,306,0.0,0
2026-02-12 19:10:32,13452,NVDisplay.Container.exe,NVDisplay.Container.exe,0.0,0,0.31,0.0,75239,0.0,0
2026-02-12 19:10:32,13504,brave.exe,brave.exe,0.0,0,0.62,0.0,230,0.0,0
2026-02-12 19:10:32,13676,svchost.exe,services.exe,0.0,0,0.06,0.0,75244,0.0,0
2026-02-12 19:10:32,13800,RuntimeBroker.exe,svchost.exe,0.0,0,0.14,0.0,247,0.0,0
2026-02-12 19:10:32,13888,nvcontainer.exe,nvcontainer.exe,0.0,0,0.22,0.0,75239,0.0,0
2026-02-12 19:10:32,13968,AggregatorHost.exe,svchost.exe,0.0,0,0.04,0.0,127041,0.0,0
2026-02-12 19:10:32,13984,svchost.exe,services.exe,0.0,0,0.05,0.0,127041,0.0,0
2026-02-12 19:10:32,14052,msedgewebview2.exe,Widgets.exe,0.0,0,0.13,0.0,307,0.0,5
2026-02-12 19:10:32,14084,winlogon.exe,Unknown,0.0,0,0.14,0.0,75245,0.0,2
2026-02-12 19:10:32,14088,msedgewebview2.exe,msedgewebview2.exe,0.0,0,0.79,0.0,367,0.0,0
2026-02-12 19:10:32,14204,svchost.exe,services.exe,0.0,0,0.11,0.0,367,0.0,0
2026-02-12 19:10:32,14416,msedgewebview2.exe,msedgewebview2.exe,0.0,0,0.05,0.0,308,0.0,0
2026-02-12 19:10:32,14468,Notion.exe,Notion.exe,0.0,0,0.55,0.0,290,0.0,0
2026-02-12 19:10:32,14484,csrss.exe,Unknown,0.0,0,0.05,0.0,75246,0.0,0
2026-02-12 19:10:32,14704,AppActions.exe,svchost.exe,0.0,0,0.34,0.0,46,0.0,0
2026-02-12 19:10:32,14916,MicrosoftEdgeUpdate.exe,svchost.exe,0.0,0,0.02,0.0,376,0.0,0
2026-02-12 19:10:32,15140,msedgewebview2.exe,msedgewebview2.exe,0.0,0,0.04,0.0,289,0.0,0
2026-02-12 19:10:32,15268,svchost.exe,services.exe,0.0,0,0.05,0.0,126925,0.0,0
2026-02-12 19:10:32,15276,brave.exe,brave.exe,0.0,0,0.13,0.0,263,0.0,0
2026-02-12 19:10:32,15496,PhoneExperienceHost.exe,svchost.exe,15.6,0,1.73,0.0,362,0.043,0
2026-02-12 19:10:32,15524,svchost.exe,services.exe,0.0,0,0.07,0.0,377,0.0,0
2026-02-12 19:10:32,15692,RuntimeBroker.exe,svchost.exe,0.0,0,0.09,0.0,335,0.0,0
2026-02-12 19:10:32,15900,Widgets.exe,svchost.exe,0.0,0,0.44,0.0,372,0.0,1
2026-02-12 19:10:32,16052,SearchProtocolHost.exe,SearchIndexer.exe,0.0,0,0.12,0.0,60,0.0,0
2026-02-12 19:10:32,16116,dwm.exe,winlogon.exe,0.0,0,2.54,0.0,75247,0.0,0
2026-02-12 19:10:32,16132,opera_autoupdate.exe,svchost.exe,0.0,0,0.08,0.0,71,0.0,1
2026-02-12 19:10:32,16152,OneDrive.exe,explorer.exe,0.0,0,1.19,0.0,352,0.0,0
2026-02-12 19:10:32,16552,msedgewebview2.exe,msedgewebview2.exe,0.0,0,0.26,0.0,370,0.0,0
2026-02-12 19:10:32,16612,SearchHost.exe,svchost.exe,0.0,0,1.12,0.0,373,0.0,1
2026-02-12 19:10:32,16688,Code.exe,explorer.exe,0.0,0,0.88,0.0,52,0.0,9
2026-02-12 19:10:32,16696,dllhost.exe,svchost.exe,0.0,0,0.1,0.0,295,0.0,0
2026-02-12 19:10:32,16784,Code.exe,Code.exe,0.0,0,0.73,0.0,50,0.0,0
2026-02-12 19:10:32,16960,msedgewebview2.exe,msedgewebview2.exe,0.0,0,0.06,0.0,291,0.0,0
2026-02-12 19:10:32,17080,msedgewebview2.exe,msedgewebview2.exe,0.0,0,0.56,0.0,370,0.0,0
2026-02-12 19:10:32,17140,svchost.exe,services.exe,0.0,0,0.03,0.0,127038,0.0,0
2026-02-12 19:10:32,17244,svchost.exe,services.exe,0.0,0,0.3,0.0,75243,0.0,0
2026-02-12 19:10:32,17276,brave.exe,brave.exe,0.0,0,0.88,0.0,283,0.0,0
2026-02-12 19:10:32,17324,RuntimeBroker.exe,svchost.exe,0.0,0,0.09,0.0,263,0.0,0
2026-02-12 19:10:32,17364,ShellHost.exe,sihost.exe,0.0,0,0.41,0.0,379,0.0,0
2026-02-12 19:10:32,17428,Notion.exe,explorer.exe,0.0,0,0.91,0.0,294,0.0,6
2026-02-12 19:10:32,17680,python.exe,powershell.exe,0.0,0,0.12,0.0,30,0.0,0
2026-02-12 19:10:32,17780,nvcontainer.exe,nvcontainer.exe,0.0,0,0.22,0.0,380,0.0,1
2026-02-12 19:10:32,17824,fontdrvhost.exe,winlogon.exe,0.0,0,0.06,0.0,75249,0.0,0
2026-02-12 19:10:32,17884,dllhost.exe,svchost.exe,0.0,0,0.07,0.0,296,0.0,0
2026-02-12 19:10:32,18516,unsecapp.exe,svchost.exe,0.0,0,0.05,0.0,126933,0.0,0
2026-02-12 19:10:32,18720,Code.exe,Code.exe,0.0,0,0.2,0.0,54,0.0,0
2026-02-12 19:10:32,18972,svchost.exe,services.exe,0.0,0,0.19,0.0,204,0.0,0
2026-02-12 19:10:32,19048,brave.exe,brave.exe,0.0,0,0.66,0.0,235,0.0,0
2026-02-12 19:10:32,19076,smartscreen.exe,svchost.exe,0.0,0,0.08,0.0,378,0.0,0
2026-02-12 19:10:32,19120,NVIDIA Overlay.exe,nvcontainer.exe,0.0,0,0.68,0.0,377,0.0,4
2026-02-12 19:10:32,19252,brave.exe,brave.exe,0.0,0,0.95,0.0,236,0.0,0
2026-02-12 19:10:32,19280,msedgewebview2.exe,msedgewebview2.exe,0.0,0,0.04,0.0,313,0.0,0
2026-02-12 19:10:32,19340,dllhost.exe,svchost.exe,0.0,0,0.13,0.0,297,0.0,0
2026-02-12 19:10:32,19472,msedgewebview2.exe,msedgewebview2.exe,0.0,0,1.51,0.0,263,0.0,0
2026-02-12 19:10:32,19604,svchost.exe,services.exe,0.0,0,0.1,0.0,261,0.0,0
2026-02-12 19:10:32,19748,brave.exe,brave.exe,0.0,0,1.2,0.0,286,0.0,0
2026-02-12 19:10:32,20060,powershell.exe,Code.exe,0.0,0,0.44,0.0,50,0.0,0
2026-02-12 19:10:32,20228,SearchFilterHost.exe,SearchIndexer.exe,0.0,0,0.07,0.0,64,0.0,0
2026-02-12 19:10:32,20380,svchost.exe,services.exe,0.0,0,0.07,0.0,75251,0.0,0
2026-02-12 19:10:32,20400,msedgewebview2.exe,msedgewebview2.exe,0.0,0,0.91,0.0,264,0.0,0
2026-02-12 19:10:32,20408,msedgewebview2.exe,WhatsApp.Root.exe,0.0,0,0.69,0.0,294,0.0,5
2026-02-12 19:10:32,20428,svchost.exe,services.exe,0.0,0,0.18,0.0,376,0.0,0
2026-02-12 19:10:32,20448,brave.exe,brave.exe,0.0,0,0.06,0.0,287,0.0,0
2026-02-12 19:10:32,20548,RuntimeBroker.exe,svchost.exe,0.0,0,0.13,0.0,326,0.0,0
2026-02-12 19:10:32,20620,Code.exe,Code.exe,0.0,0,0.73,0.0,54,0.0,0
2026-02-12 19:10:32,20644,msedgewebview2.exe,SearchHost.exe,0.0,0,0.84,0.0,375,0.0,5
2026-02-12 19:10:32,20672,msedgewebview2.exe,msedgewebview2.exe,0.0,0,0.25,0.0,264,0.0,0
2026-02-12 19:10:32,20720,FileSyncHelper.exe,services.exe,0.0,0,0.11,0.0,127008,0.0,0
2026-02-12 19:10:32,20820,ipf_helper.exe,ipf_uf.exe,15.5,0,0.06,0.0,381,0.0406,0
2026-02-12 19:10:32,21068,dllhost.exe,svchost.exe,0.0,0,0.06,0.0,315,0.0,0
2026-02-12 19:10:32,21120,brave.exe,brave.exe,0.0,0,1.34,0.0,263,0.0,0
2026-02-12 19:10:32,21168,Code.exe,Code.exe,0.0,0,0.3,0.0,57,0.0,0
2026-02-12 19:10:32,21176,msedgewebview2.exe,msedgewebview2.exe,0.0,0,0.03,0.0,315,0.0,0
2026-02-12 19:10:32,21240,brave.exe,brave.exe,0.0,0,0.35,0.0,258,0.0,0
2026-02-12 19:10:32,21248,RuntimeBroker.exe,svchost.exe,0.0,0,0.08,0.0,298,0.0,0
2026-02-12 19:10:32,21396,SecurityHealthService.exe,services.exe,0.0,0,0.12,0.0,127014,0.0,0
2026-02-12 19:10:32,21404,Notion.exe,Notion.exe,0.0,0,0.4,0.0,298,0.0,0
2026-02-12 19:10:32,21496,WhatsApp.Root.exe,sihost.exe,0.0,0,1.55,0.0,299,0.0,1
2026-02-12 19:10:32,21636,svchost.exe,services.exe,0.0,0,0.06,0.0,76804,0.0,0
2026-02-12 19:10:32,21756,Notion.exe,Notion.exe,0.0,0,0.46,0.0,298,0.0,0
2026-02-12 19:10:32,21920,Code.exe,Code.exe,0.0,0,2.32,0.0,56,0.0,2
2026-02-12 19:10:32,21948,conhost.exe,Code.exe,0.0,0,0.05,0.0,55,0.0,0
2026-02-12 19:10:32,21992,svchost.exe,services.exe,0.0,0,0.13,0.0,380,0.0,0
2026-02-12 19:10:32,22096,brave.exe,brave.exe,0.0,0,1.35,0.0,289,0.0,0
2026-02-12 19:10:32,22224,svchost.exe,services.exe,0.0,0,0.05,0.0,126941,0.0,0
2026-02-12 19:10:32,22236,pet.exe,Code.exe,0.0,0,0.05,0.0,54,0.0,1
2026-02-12 19:10:32,22264,SearchFilterHost.exe,SearchIndexer.exe,0.0,0,0.08,0.0,68,0.0,0
2026-02-12 19:10:32,22268,msedgewebview2.exe,msedgewebview2.exe,0.0,0,0.05,0.0,296,0.0,0
2026-02-12 19:10:32,22416,BraveUpdate.exe,svchost.exe,0.0,0,0.02,0.0,384,0.0,0
2026-02-12 19:10:32,22472,msedgewebview2.exe,msedgewebview2.exe,0.0,0,0.13,0.0,377,0.0,0
2026-02-12 19:10:32,22648,brave.exe,brave.exe,0.0,0,2.16,0.0,289,0.0,0
2026-02-12 19:10:32,22888,svchost.exe,services.exe,0.0,0,0.07,0.0,386,0.0,0
2026-02-12 19:10:32,22892,sihost.exe,svchost.exe,0.0,0,0.32,0.0,386,0.0,4
2026-02-12 19:10:32,23544,ctfmon.exe,svchost.exe,0.0,0,0.22,0.0,378,0.0,0
2026-02-12 19:10:32,23612,AsusOSD.exe,Unknown,0.0,0,0.12,0.0,326,0.0,0
2026-02-12 19:10:32,23616,svchost.exe,services.exe,0.0,0,0.1,0.0,343,0.0,0
2026-02-12 19:10:32,23764,AsusProArtHost.exe,AsusProArtService.exe,0.0,0,0.09,0.0,387,0.0,0
2026-02-12 19:10:32,23836,svchost.exe,services.exe,0.0,0,0.09,0.0,344,0.0,0
2026-02-12 19:10:32,23852,Code.exe,Code.exe,155.4,0,1.58,0.0,60,2.5642,0
2026-02-12 19:10:32,23936,backgroundTaskHost.exe,svchost.exe,0.0,0,0.37,0.0,62,0.0,0
2026-02-12 19:10:32,24040,Notion.exe,Notion.exe,0.0,0,2.21,0.0,299,0.0,0
2026-02-12 19:10:32,24060,AsusSoftwareManagerAgent.exe,AsusSoftwareManager.exe,0.0,0,0.38,0.0,298,0.0,0
2026-02-12 19:10:32,24144,conhost.exe,Code.exe,0.0,0,0.05,0.0,56,0.0,0
2026-02-12 19:10:32,24180,NVIDIA Overlay.exe,NVIDIA Overlay.exe,0.0,0,0.36,0.0,383,0.0,0
2026-02-12 19:10:32,24500,SecurityHealthSystray.exe,explorer.exe,0.0,0,0.08,0.0,367,0.0,0
2026-02-12 19:10:32,24532,FileCoAuth.exe,svchost.exe,0.0,0,0.17,0.0,319,0.0,0
